Customer Name;Revenue
Web Site;284790
Crescendo Corner Ltd.;277990
Symphony Supplies Inc.;272393
Tempo Treasures Ltd.;252129
Symphony Shop Ltd.;245906
Serenade Showroom Ltd.;231169
Crescendo Crafts Inc.;212580
Virtuoso Ventures Inc.;203830
Crescendo Collection Inc.;194755
MeloTune Traders Ltd.;193031
Melody Merchants Ltd.;192870
Harmony Haven Inc.;189110
Virtuoso Varieties Ltd.;176230
Symphony Select Ltd.;174708
Acoustic Avenues Ltd.;166390
Crescendo Cornerstone Inc.;164590
Serenade Selection Inc.;162580
Rhythmic Realm Inc.;162525
Melody Magic Inc.;162230
Virtuoso Ventures Ltd.;159150
Allegro Arcade Inc.;158486
Echo Emporium Ltd.;156874
Symphony Stockpile Ltd.;155492
MelodyWorks LLC;155410
Rhythmic Harmony Inc.;154730
Virtuoso Village Ltd.;154512
Crescendo Instruments Ltd.;153120
Tempo Trinkets Ltd.;149590
Serenade Selection Ltd.;148450
Melody Market Ltd.;147060
Allegro Avenue Ltd.;144070
Melody Mart Ltd.;143910
Harmony Hideout Ltd.;143095
Crescendo Cornerstone Ltd.;142140
Crescendo Collectibles Inc.;142060
Symphony Soundscapes Co.;141950
MeloSound Mall Inc.;141910
Harmonic Hues Ltd.;140130
Harmony Heaven Inc.;138074
Crescendo Cache Inc.;136850
Virtuoso Vault Ltd.;136370
Crescendo Creations LLC;133845
TempoTune Music Co.;133710
Harmonix Instruments LLC;133160
Harmony Haven Ltd.;133100
Rhythmic Reflections Ltd.;132250
Crescendo Creations Inc.;132010
Melody Magic Ltd.;131900
Serenade Store Ltd.;131840
MeloSound Showcase Ltd.;131390
Harmony Hub Inc.;127963
Echo Elegance Ltd.;127430
Acoustic Avenues Inc.;127430
Virtuoso Vault Inc.;126833
Symphony Stock Inc.;125400
Rhythmic Resonance Ltd.;125255
Serenade Showcase Ltd.;124530
Allegro Attune Inc.;124470
Virtuoso Varieties Inc.;122150
Acoustic Artistry Ltd.;120340
Serenade Splendor Inc.;119284
MeloTune Traders Inc.;117770
Tempo Trove Inc.;116677
Acoustic Aura LLC;116550
Harmony Hideaway Inc.;116530
Crescendo Collections Ltd.;114436
Symphony Stock Ltd.;113780
Crescendo Corner Inc.;112990
Rhythmic Retail Inc.;112600
Rhythmic Reverie Ltd.;112360
Serenade Splendor Ltd.;111100
Virtuoso Vibes Ltd.;110750
Melodic Muse Inc.;110590
Echo Ensembles Ltd.;107441
Allegro Artisan Inc.;105710
Tempo Trinkets Inc.;96880
Acoustic Artifacts Inc.;95680
Crescendo Crafts Ltd.;95555
Serenade Strings Ltd.;94240
Allegro Artisan Ltd.;92625
Melody Market Inc.;90406
Rhythmic Realm Ltd.;89270
Melodious Market Inc.;88910
Serenade Solutions Inc.;87644
Rhythmic Reverie Inc.;85795
Rhythmic Reflections Inc.;83000
Tempo Trove Ltd.;79880
Serenade Solutions Ltd.;78350
Echo Ensembles Inc.;77140
MeloSound Showcase Inc.;76650
MeloSound Instruments LLC;75380
Allegro Avenue Inc.;75350
